,BTC-USD,ETH-USD,SOL-USD,BNB-USD
BTC-USD,1.0,0.8008411817882711,0.518291505425002,0.6213335708424178
ETH-USD,0.8008411817882711,1.0,0.5889039193728045,0.6431390885892225
SOL-USD,0.518291505425002,0.5889039193728045,1.0,0.5024446479190442
BNB-USD,0.6213335708424178,0.6431390885892225,0.5024446479190442,1.0
