{"annual_rate": 0.042800000000000005, "daily_rate": 0.00016984126984126986}